feature,family,point_in_time,n_unique
vman_name_len,vman (manifeste de la version),True,62
vman_name_ent,vman (manifeste de la version),True,733
vman_version_len,vman (manifeste de la version),True,47
vman_version_ent,vman (manifeste de la version),True,213
vman_description_len,vman (manifeste de la version),True,164
vman_description_ent,vman (manifeste de la version),True,1763
vman_main_len,vman (manifeste de la version),True,37
vman_main_ent,vman (manifeste de la version),True,127
vman_license_len,vman (manifeste de la version),True,41
vman_license_ent,vman (manifeste de la version),True,117
vman_scripts_dict_size,vman (manifeste de la version),True,31
vman_scripts_nested,vman (manifeste de la version),True,1
vman__id_len,vman (manifeste de la version),True,85
vman__id_ent,vman (manifeste de la version),True,859
vman_dist_dict_size,vman (manifeste de la version),True,4
vman_dist_nested,vman (manifeste de la version),True,2
vman_directories_dict_size,vman (manifeste de la version),True,6
vman_directories_nested,vman (manifeste de la version),True,1
vman_maintainers_list_size,vman (manifeste de la version),True,32
pit_ver_len,pit (reconstruite a t_p),True,47
pit_ver_n_components,pit (reconstruite a t_p),True,6
pit_ver_has_prerelease,pit (reconstruite a t_p),True,2
pit_ver_is_zero_major,pit (reconstruite a t_p),True,2
pit_ver_is_initial,pit (reconstruite a t_p),True,2
pit_ver_max_component,pit (reconstruite a t_p),True,491
pit_ver_entropy,pit (reconstruite a t_p),True,213
pit_n_prior_releases,pit (reconstruite a t_p),True,535
pit_days_since_first,pit (reconstruite a t_p),True,3180
pit_days_since_prev,pit (reconstruite a t_p),True,3179
pit_releases_30d,pit (reconstruite a t_p),True,232
pit_releases_365d,pit (reconstruite a t_p),True,479
pit_median_gap_days,pit (reconstruite a t_p),True,2263
pit_std_gap_days,pit (reconstruite a t_p),True,2583
pit_name_len,pit (reconstruite a t_p),True,62
pit_name_entropy,pit (reconstruite a t_p),True,733
pit_name_has_scope,pit (reconstruite a t_p),True,2
pit_name_n_hyphens,pit (reconstruite a t_p),True,10
pit_name_n_digits,pit (reconstruite a t_p),True,11
pit_name_n_dots,pit (reconstruite a t_p),True,5
pit_n_dependencies,pit (reconstruite a t_p),True,54
pit_n_dev_dependencies,pit (reconstruite a t_p),True,53
pit_n_peer_dependencies,pit (reconstruite a t_p),True,13
pit_n_scripts,pit (reconstruite a t_p),True,31
pit_has_install_hook,pit (reconstruite a t_p),True,2
pit_scripts_total_len,pit (reconstruite a t_p),True,377
pit_scripts_max_len,pit (reconstruite a t_p),True,171
pit_description_len,pit (reconstruite a t_p),True,191
pit_description_entropy,pit (reconstruite a t_p),True,1794
pit_n_keywords,pit (reconstruite a t_p),True,30
pit_has_license,pit (reconstruite a t_p),True,2
pit_license_len,pit (reconstruite a t_p),True,81
pit_has_repository,pit (reconstruite a t_p),True,2
pit_has_homepage,pit (reconstruite a t_p),True,2
pit_has_bugs_url,pit (reconstruite a t_p),True,2
pit_n_maintainers,pit (reconstruite a t_p),True,35
pit_author_email_domain_score,pit (reconstruite a t_p),True,3
pit_has_engines,pit (reconstruite a t_p),True,2
pit_has_files_field,pit (reconstruite a t_p),True,2
pit_n_classifiers,pit (reconstruite a t_p),True,27
pit_requires_python_len,pit (reconstruite a t_p),True,20
pit_long_description_len,pit (reconstruite a t_p),True,786
cur_n_versions_now,cur (etat actuel du registre),False,284
cur_n_releases_now,cur (etat actuel du registre),False,332
cur_n_maintainers_now,cur (etat actuel du registre),False,23
cur_readme_len_now,cur (etat actuel du registre),False,1372
cur_days_since_modified,cur (etat actuel du registre),False,342
cur_project_url_len_now,cur (etat actuel du registre),False,45
cur_description_len_now,cur (etat actuel du registre),False,816
cur_homepage_len_now,cur (etat actuel du registre),False,66
vman_author_dict_size,vman (manifeste de la version),True,4
vman_author_nested,vman (manifeste de la version),True,1
vman_devDependencies_dict_size,vman (manifeste de la version),True,41
vman_devDependencies_nested,vman (manifeste de la version),True,1
vman_bin_dict_size,vman (manifeste de la version),True,10
vman_bin_nested,vman (manifeste de la version),True,1
vman_dependencies_dict_size,vman (manifeste de la version),True,37
vman_dependencies_nested,vman (manifeste de la version),True,1
vman_peerDependencies_dict_size,vman (manifeste de la version),True,13
vman_peerDependencies_nested,vman (manifeste de la version),True,1
vman_gitHead_len,vman (manifeste de la version),True,2
vman_gitHead_ent,vman (manifeste de la version),True,436
vman_keywords_list_size,vman (manifeste de la version),True,29
vman_homepage_len,vman (manifeste de la version),True,77
vman_homepage_ent,vman (manifeste de la version),True,586
vman_bugs_dict_size,vman (manifeste de la version),True,2
vman_bugs_nested,vman (manifeste de la version),True,1
vman_tsup_dict_size,vman (manifeste de la version),True,4
vman_tsup_nested,vman (manifeste de la version),True,2
vman_types_len,vman (manifeste de la version),True,29
vman_types_ent,vman (manifeste de la version),True,91
vman_engines_dict_size,vman (manifeste de la version),True,3
vman_engines_nested,vman (manifeste de la version),True,1
vman_repository_dict_size,vman (manifeste de la version),True,4
vman_repository_nested,vman (manifeste de la version),True,1
vman_exports_dict_size,vman (manifeste de la version),True,24
vman_exports_nested,vman (manifeste de la version),True,2
vman_type_len,vman (manifeste de la version),True,4
vman_type_ent,vman (manifeste de la version),True,4
vman_nodemonConfig_dict_size,vman (manifeste de la version),True,2
vman_nodemonConfig_nested,vman (manifeste de la version),True,2
vman_publishConfig_dict_size,vman (manifeste de la version),True,5
vman_publishConfig_nested,vman (manifeste de la version),True,1
vman_c8_dict_size,vman (manifeste de la version),True,3
vman_c8_nested,vman (manifeste de la version),True,2
vman_module_len,vman (manifeste de la version),True,31
vman_module_ent,vman (manifeste de la version),True,93
vman_peerDependenciesMeta_dict_size,vman (manifeste de la version),True,11
vman_peerDependenciesMeta_nested,vman (manifeste de la version),True,2
vman_author_len,vman (manifeste de la version),True,51
vman_author_ent,vman (manifeste de la version),True,272
vman_packageManager_len,vman (manifeste de la version),True,6
vman_packageManager_ent,vman (manifeste de la version),True,12
vman_exports_len,vman (manifeste de la version),True,4
vman_exports_ent,vman (manifeste de la version),True,4
vman_openclaw_dict_size,vman (manifeste de la version),True,3
vman_openclaw_nested,vman (manifeste de la version),True,2
vman__schema_len,vman (manifeste de la version),True,2
vman__schema_ent,vman (manifeste de la version),True,2
vman_contributors_list_size,vman (manifeste de la version),True,7
vman_funding_len,vman (manifeste de la version),True,14
vman_funding_ent,vman (manifeste de la version),True,17
vman_sideEffects_bool,vman (manifeste de la version),True,2
vman_os_list_size,vman (manifeste de la version),True,4
vman_cpu_list_size,vman (manifeste de la version),True,3
vman_sideEffects_list_size,vman (manifeste de la version),True,6
vman_jest_dict_size,vman (manifeste de la version),True,7
vman_jest_nested,vman (manifeste de la version),True,2
vman__from_len,vman (manifeste de la version),True,51
vman__from_ent,vman (manifeste de la version),True,170
vman_husky_dict_size,vman (manifeste de la version),True,2
vman_husky_nested,vman (manifeste de la version),True,2
vman__resolved_len,vman (manifeste de la version),True,72
vman__resolved_ent,vman (manifeste de la version),True,227
vman__integrity_len,vman (manifeste de la version),True,2
vman__integrity_ent,vman (manifeste de la version),True,202
vman_commitlint_dict_size,vman (manifeste de la version),True,3
vman_commitlint_nested,vman (manifeste de la version),True,2
vman_optionalDependencies_dict_size,vman (manifeste de la version),True,6
vman_optionalDependencies_nested,vman (manifeste de la version),True,1
vman_style_len,vman (manifeste de la version),True,4
vman_style_ent,vman (manifeste de la version),True,4
vman_browser_len,vman (manifeste de la version),True,16
vman_browser_ent,vman (manifeste de la version),True,24
vman_funding_dict_size,vman (manifeste de la version),True,3
vman_funding_nested,vman (manifeste de la version),True,1
vman_bundleDependencies_list_size,vman (manifeste de la version),True,1
vman_preferGlobal_bool,vman (manifeste de la version),True,2
vman_security_dict_size,vman (manifeste de la version),True,2
vman_security_nested,vman (manifeste de la version),True,1
vman_unpkg_len,vman (manifeste de la version),True,16
vman_unpkg_ent,vman (manifeste de la version),True,27
vman_browser_dict_size,vman (manifeste de la version),True,5
vman_browser_nested,vman (manifeste de la version),True,1
vman_typings_len,vman (manifeste de la version),True,12
vman_typings_ent,vman (manifeste de la version),True,19
vman_jsdelivr_len,vman (manifeste de la version),True,10
vman_jsdelivr_ent,vman (manifeste de la version),True,13
vman_lint_staged_dict_size,vman (manifeste de la version),True,4
vman_lint_staged_nested,vman (manifeste de la version),True,2
vman_react_native_dict_size,vman (manifeste de la version),True,2
vman_react_native_nested,vman (manifeste de la version),True,1
vman_typesVersions_dict_size,vman (manifeste de la version),True,2
vman_typesVersions_nested,vman (manifeste de la version),True,2
vman____len,vman (manifeste de la version),True,2
vman____ent,vman (manifeste de la version),True,2
vman_overrides_dict_size,vman (manifeste de la version),True,7
vman_overrides_nested,vman (manifeste de la version),True,2
vman_prettier_dict_size,vman (manifeste de la version),True,7
vman_prettier_nested,vman (manifeste de la version),True,2
vman_magda_dict_size,vman (manifeste de la version),True,2
vman_magda_nested,vman (manifeste de la version),True,2
vman_readmeFilename_len,vman (manifeste de la version),True,3
vman_readmeFilename_ent,vman (manifeste de la version),True,4
vman_source_len,vman (manifeste de la version),True,7
vman_source_ent,vman (manifeste de la version),True,8
vman_release_it_dict_size,vman (manifeste de la version),True,3
vman_release_it_nested,vman (manifeste de la version),True,2
vman_eslintConfig_dict_size,vman (manifeste de la version),True,4
vman_eslintConfig_nested,vman (manifeste de la version),True,2
vman_eslintIgnore_list_size,vman (manifeste de la version),True,3
vman_react_native_len,vman (manifeste de la version),True,6
vman_react_native_ent,vman (manifeste de la version),True,7
vman_react_native_builder_bob_dict_size,vman (manifeste de la version),True,2
vman_react_native_builder_bob_nested,vman (manifeste de la version),True,2
vman_private_bool,vman (manifeste de la version),True,1
vman_imports_dict_size,vman (manifeste de la version),True,3
vman_imports_nested,vman (manifeste de la version),True,2
vman_workspaces_list_size,vman (manifeste de la version),True,3
vman_shasum_len,vman (manifeste de la version),True,2
vman_shasum_ent,vman (manifeste de la version),True,3
vman_n8n_dict_size,vman (manifeste de la version),True,3
vman_n8n_nested,vman (manifeste de la version),True,2
vman_tsd_dict_size,vman (manifeste de la version),True,3
vman_tsd_nested,vman (manifeste de la version),True,2
vman_config_dict_size,vman (manifeste de la version),True,3
vman_config_nested,vman (manifeste de la version),True,2
vman_gypfile_bool,vman (manifeste de la version),True,2
vman_pnpm_dict_size,vman (manifeste de la version),True,3
vman_pnpm_nested,vman (manifeste de la version),True,2
vman_typescript_dict_size,vman (manifeste de la version),True,2
vman_typescript_nested,vman (manifeste de la version),True,1
vman_browserslist_dict_size,vman (manifeste de la version),True,2
vman_browserslist_nested,vman (manifeste de la version),True,2
vman_limit_size_list_size,vman (manifeste de la version),True,2
vman_executors_len,vman (manifeste de la version),True,2
vman_executors_ent,vman (manifeste de la version),True,2
vman_migrations_len,vman (manifeste de la version),True,2
vman_migrations_ent,vman (manifeste de la version),True,2
vman_verb_dict_size,vman (manifeste de la version),True,5
vman_verb_nested,vman (manifeste de la version),True,2
vman_preferUnplugged_bool,vman (manifeste de la version),True,2
vman_authors_list_size,vman (manifeste de la version),True,3
vman_funding_list_size,vman (manifeste de la version),True,4
vman_release_dict_size,vman (manifeste de la version),True,3
vman_release_nested,vman (manifeste de la version),True,2
vman_libc_list_size,vman (manifeste de la version),True,2
vman_size_limit_list_size,vman (manifeste de la version),True,3
vman_clean_publish_dict_size,vman (manifeste de la version),True,2
vman_clean_publish_nested,vman (manifeste de la version),True,1
vman_simple_git_hooks_dict_size,vman (manifeste de la version),True,3
vman_simple_git_hooks_nested,vman (manifeste de la version),True,1
vman_licenses_list_size,vman (manifeste de la version),True,2
vman_bugs_len,vman (manifeste de la version),True,3
vman_bugs_ent,vman (manifeste de la version),True,3
vman_depup_dict_size,vman (manifeste de la version),True,2
vman_depup_nested,vman (manifeste de la version),True,2
vman_update_len,vman (manifeste de la version),True,2
vman_update_ent,vman (manifeste de la version),True,4
vman_waWebVersion_len,vman (manifeste de la version),True,3
vman_waWebVersion_ent,vman (manifeste de la version),True,3
vman_lastUpdatedWITA_len,vman (manifeste de la version),True,2
vman_lastUpdatedWITA_ent,vman (manifeste de la version),True,4
vman_waWebVersionSource_len,vman (manifeste de la version),True,2
vman_waWebVersionSource_ent,vman (manifeste de la version),True,2
vman_repository_len,vman (manifeste de la version),True,7
vman_repository_ent,vman (manifeste de la version),True,7
vman_registry_bool,vman (manifeste de la version),True,2
vman_prettier_len,vman (manifeste de la version),True,8
vman_prettier_ent,vman (manifeste de la version),True,9
vman_gitCommitId_len,vman (manifeste de la version),True,2
vman_gitCommitId_ent,vman (manifeste de la version),True,3
vman_resolutions_dict_size,vman (manifeste de la version),True,2
vman_resolutions_nested,vman (manifeste de la version),True,1
vman_memoraxCode_dict_size,vman (manifeste de la version),True,2
vman_memoraxCode_nested,vman (manifeste de la version),True,1
vman_xo_dict_size,vman (manifeste de la version),True,2
vman_xo_nested,vman (manifeste de la version),True,2
vman_standard_dict_size,vman (manifeste de la version),True,4
vman_standard_nested,vman (manifeste de la version),True,2
vman_mocha_dict_size,vman (manifeste de la version),True,4
vman_mocha_nested,vman (manifeste de la version),True,2
vman_nyc_dict_size,vman (manifeste de la version),True,4
vman_nyc_nested,vman (manifeste de la version),True,2
vman_man_list_size,vman (manifeste de la version),True,2
vman_nano_staged_dict_size,vman (manifeste de la version),True,4
vman_nano_staged_nested,vman (manifeste de la version),True,2
vman_claudeall_dict_size,vman (manifeste de la version),True,2
vman_claudeall_nested,vman (manifeste de la version),True,2
vman_build_dict_size,vman (manifeste de la version),True,2
vman_build_nested,vman (manifeste de la version),True,2
vman_author_email_len,vman (manifeste de la version),True,69
vman_author_email_ent,vman (manifeste de la version),True,560
vman_classifiers_list_size,vman (manifeste de la version),True,27
vman_description_content_type_len,vman (manifeste de la version),True,5
vman_description_content_type_ent,vman (manifeste de la version),True,6
vman_download_url_len,vman (manifeste de la version),True,25
vman_download_url_ent,vman (manifeste de la version),True,41
vman_home_page_len,vman (manifeste de la version),True,68
vman_home_page_ent,vman (manifeste de la version),True,479
vman_keywords_len,vman (manifeste de la version),True,109
vman_keywords_ent,vman (manifeste de la version),True,367
vman_maintainer_len,vman (manifeste de la version),True,19
vman_maintainer_ent,vman (manifeste de la version),True,30
vman_maintainer_email_len,vman (manifeste de la version),True,33
vman_maintainer_email_ent,vman (manifeste de la version),True,55
vman_package_url_len,vman (manifeste de la version),True,45
vman_package_url_ent,vman (manifeste de la version),True,724
vman_project_url_len,vman (manifeste de la version),True,45
vman_project_url_ent,vman (manifeste de la version),True,724
vman_release_url_len,vman (manifeste de la version),True,48
vman_release_url_ent,vman (manifeste de la version),True,780
vman_requires_python_len,vman (manifeste de la version),True,20
vman_requires_python_ent,vman (manifeste de la version),True,42
vman_summary_len,vman (manifeste de la version),True,146
vman_summary_ent,vman (manifeste de la version),True,947
vman_dynamic_list_size,vman (manifeste de la version),True,15
vman_platform_len,vman (manifeste de la version),True,10
vman_platform_ent,vman (manifeste de la version),True,12
vman_project_urls_dict_size,vman (manifeste de la version),True,11
vman_project_urls_nested,vman (manifeste de la version),True,1
vman_requires_dist_list_size,vman (manifeste de la version),True,37
vman_license_files_list_size,vman (manifeste de la version),True,5
vman_provides_extra_list_size,vman (manifeste de la version),True,14
vman_license_expression_len,vman (manifeste de la version),True,8
vman_license_expression_ent,vman (manifeste de la version),True,8
vman_readme_len,vman (manifeste de la version),True,10
vman_readme_ent,vman (manifeste de la version),True,20
vman_licenseText_len,vman (manifeste de la version),True,2
vman_licenseText_ent,vman (manifeste de la version),True,6
vman_auto_changelog_dict_size,vman (manifeste de la version),True,2
vman_auto_changelog_nested,vman (manifeste de la version),True,1
vman_files_list_size,vman (manifeste de la version),True,3
vman_declaration_bool,vman (manifeste de la version),True,2
vman_amdName_len,vman (manifeste de la version),True,3
vman_amdName_ent,vman (manifeste de la version),True,3
vman_netlifySiteId_len,vman (manifeste de la version),True,2
vman_netlifySiteId_ent,vman (manifeste de la version),True,2
vman_browserslist_list_size,vman (manifeste de la version),True,3
vman_atlassian_dict_size,vman (manifeste de la version),True,2
vman_atlassian_nested,vman (manifeste de la version),True,2
vman_techstack_dict_size,vman (manifeste de la version),True,3
vman_techstack_nested,vman (manifeste de la version),True,2
vman_atlaskit_src_len,vman (manifeste de la version),True,2
vman_atlaskit_src_ent,vman (manifeste de la version),True,2
vman_module_es2019_len,vman (manifeste de la version),True,2
vman_module_es2019_ent,vman (manifeste de la version),True,2
vman_platform_feature_flags_dict_size,vman (manifeste de la version),True,2
vman_platform_feature_flags_nested,vman (manifeste de la version),True,2
vman_compassUnitTestMetricSourceId_len,vman (manifeste de la version),True,2
vman_compassUnitTestMetricSourceId_ent,vman (manifeste de la version),True,2
vman_calypso_src_len,vman (manifeste de la version),True,2
vman_calypso_src_ent,vman (manifeste de la version),True,2
vman_versionist_dict_size,vman (manifeste de la version),True,2
vman_versionist_nested,vman (manifeste de la version),True,1
vman_ava_dict_size,vman (manifeste de la version),True,5
vman_ava_nested,vman (manifeste de la version),True,2
vman_nx_dict_size,vman (manifeste de la version),True,2
vman_nx_nested,vman (manifeste de la version),True,2
vman_umd_main_len,vman (manifeste de la version),True,3
vman_umd_main_ent,vman (manifeste de la version),True,3
vman_babel_dict_size,vman (manifeste de la version),True,3
vman_babel_nested,vman (manifeste de la version),True,2
vman_clean_package_dict_size,vman (manifeste de la version),True,2
vman_clean_package_nested,vman (manifeste de la version),True,2
vman_scripty_dict_size,vman (manifeste de la version),True,2
vman_scripty_nested,vman (manifeste de la version),True,1
vman_jsnext_main_len,vman (manifeste de la version),True,8
vman_jsnext_main_ent,vman (manifeste de la version),True,8
vman_stratus_dict_size,vman (manifeste de la version),True,2
vman_stratus_nested,vman (manifeste de la version),True,1
vman_volta_dict_size,vman (manifeste de la version),True,3
vman_volta_nested,vman (manifeste de la version),True,1
vman_browserslist_len,vman (manifeste de la version),True,2
vman_browserslist_ent,vman (manifeste de la version),True,2
vman_test_main_len,vman (manifeste de la version),True,2
vman_test_main_ent,vman (manifeste de la version),True,2
vman_madge_dict_size,vman (manifeste de la version),True,2
vman_madge_nested,vman (manifeste de la version),True,2
vman_src_len,vman (manifeste de la version),True,2
vman_src_ent,vman (manifeste de la version),True,2
vman_preconstruct_dict_size,vman (manifeste de la version),True,2
vman_preconstruct_nested,vman (manifeste de la version),True,2
vman_link_len,vman (manifeste de la version),True,2
vman_link_ent,vman (manifeste de la version),True,2
vman_libraryTemplate_dict_size,vman (manifeste de la version),True,2
vman_libraryTemplate_nested,vman (manifeste de la version),True,1
vman_umd_len,vman (manifeste de la version),True,2
vman_umd_ent,vman (manifeste de la version),True,2
vman_pre_commit_list_size,vman (manifeste de la version),True,3
vman_typeValidation_dict_size,vman (manifeste de la version),True,2
vman_typeValidation_nested,vman (manifeste de la version),True,2
vman_inlinedDependencies_dict_size,vman (manifeste de la version),True,2
vman_inlinedDependencies_nested,vman (manifeste de la version),True,1
vman_customElements_len,vman (manifeste de la version),True,2
vman_customElements_ent,vman (manifeste de la version),True,2
vman_registry_len,vman (manifeste de la version),True,2
vman_registry_ent,vman (manifeste de la version),True,2
vman_tshy_dict_size,vman (manifeste de la version),True,3
vman_tshy_nested,vman (manifeste de la version),True,2
vman_node_len,vman (manifeste de la version),True,3
vman_node_ent,vman (manifeste de la version),True,3
vman_clean_package_len,vman (manifeste de la version),True,2
vman_clean_package_ent,vman (manifeste de la version),True,2
vman_devEngines_dict_size,vman (manifeste de la version),True,2
vman_devEngines_nested,vman (manifeste de la version),True,2
vman_publish_dict_size,vman (manifeste de la version),True,2
vman_publish_nested,vman (manifeste de la version),True,1
vman_distSizeChecker_dict_size,vman (manifeste de la version),True,2
vman_distSizeChecker_nested,vman (manifeste de la version),True,1
vman_buildOptions_dict_size,vman (manifeste de la version),True,2
vman_buildOptions_nested,vman (manifeste de la version),True,2
vman_optionalDeps_dict_size,vman (manifeste de la version),True,2
vman_optionalDeps_nested,vman (manifeste de la version),True,1
vman_es2015_len,vman (manifeste de la version),True,2
vman_es2015_ent,vman (manifeste de la version),True,2
vman_automator_dict_size,vman (manifeste de la version),True,2
vman_automator_nested,vman (manifeste de la version),True,1
vman_lavamoat_dict_size,vman (manifeste de la version),True,2
vman_lavamoat_nested,vman (manifeste de la version),True,2
vman_msw_dict_size,vman (manifeste de la version),True,2
vman_msw_nested,vman (manifeste de la version),True,2
vman_rollup_dict_size,vman (manifeste de la version),True,2
vman_rollup_nested,vman (manifeste de la version),True,2
vman_scripts_info_dict_size,vman (manifeste de la version),True,2
vman_scripts_info_nested,vman (manifeste de la version),True,1
vman__progress_dict_size,vman (manifeste de la version),True,2
vman__progress_nested,vman (manifeste de la version),True,2
vman_schematics_len,vman (manifeste de la version),True,2
vman_schematics_ent,vman (manifeste de la version),True,2
vman_stableVersion_len,vman (manifeste de la version),True,2
vman_stableVersion_ent,vman (manifeste de la version),True,2
vman_minify_dict_size,vman (manifeste de la version),True,2
vman_minify_nested,vman (manifeste de la version),True,1
vman_scope_len,vman (manifeste de la version),True,2
vman_scope_ent,vman (manifeste de la version),True,2
vman_source_bool,vman (manifeste de la version),True,2
vman_url_len,vman (manifeste de la version),True,3
vman_url_ent,vman (manifeste de la version),True,3
vman_sideEffects_len,vman (manifeste de la version),True,2
vman_sideEffects_ent,vman (manifeste de la version),True,2
vman_main_dev_len,vman (manifeste de la version),True,2
vman_main_dev_ent,vman (manifeste de la version),True,2
vman_wireit_dict_size,vman (manifeste de la version),True,2
vman_wireit_nested,vman (manifeste de la version),True,2
vman_main_h5_len,vman (manifeste de la version),True,2
vman_main_h5_ent,vman (manifeste de la version),True,2
vman_npmPublishAccess_len,vman (manifeste de la version),True,2
vman_npmPublishAccess_ent,vman (manifeste de la version),True,2
vman_typeScriptVersion_len,vman (manifeste de la version),True,2
vman_typeScriptVersion_ent,vman (manifeste de la version),True,3
vman_typesPublisherContentHash_len,vman (manifeste de la version),True,2
vman_typesPublisherContentHash_ent,vman (manifeste de la version),True,17
vman__shasum_len,vman (manifeste de la version),True,2
vman__shasum_ent,vman (manifeste de la version),True,19
vman_tags_list_size,vman (manifeste de la version),True,2
vman_wix_dict_size,vman (manifeste de la version),True,3
vman_wix_nested,vman (manifeste de la version),True,2
vman_falconPackageHash_len,vman (manifeste de la version),True,2
vman_falconPackageHash_ent,vman (manifeste de la version),True,5
vman_wallaby_dict_size,vman (manifeste de la version),True,2
vman_wallaby_nested,vman (manifeste de la version),True,1
vman_wpScript_bool,vman (manifeste de la version),True,2
vman_wpWorkers_dict_size,vman (manifeste de la version),True,2
vman_wpWorkers_nested,vman (manifeste de la version),True,2
vman_wpScriptModuleExports_dict_size,vman (manifeste de la version),True,2
vman_wpScriptModuleExports_nested,vman (manifeste de la version),True,1
vman_id_len,vman (manifeste de la version),True,3
vman_id_ent,vman (manifeste de la version),True,3
vman__engineSupported_bool,vman (manifeste de la version),True,2
vman__defaultsLoaded_bool,vman (manifeste de la version),True,2
vman_corifeus_dict_size,vman (manifeste de la version),True,2
vman_corifeus_nested,vman (manifeste de la version),True,1
vman__npmJsonOpts_dict_size,vman (manifeste de la version),True,2
vman__npmJsonOpts_nested,vman (manifeste de la version),True,1
vman_ci_dict_size,vman (manifeste de la version),True,2
vman_ci_nested,vman (manifeste de la version),True,1
vman_engine_dict_size,vman (manifeste de la version),True,2
vman_engine_nested,vman (manifeste de la version),True,1
vman___version_len,vman (manifeste de la version),True,2
vman___version_ent,vman (manifeste de la version),True,2
vman_depcheck_dict_size,vman (manifeste de la version),True,2
vman_depcheck_nested,vman (manifeste de la version),True,2
vman_license_dict_size,vman (manifeste de la version),True,2
vman_license_nested,vman (manifeste de la version),True,1
vman_component_dict_size,vman (manifeste de la version),True,2
vman_component_nested,vman (manifeste de la version),True,2
vman_template_dict_size,vman (manifeste de la version),True,2
vman_template_nested,vman (manifeste de la version),True,2
vman_snyk_bool,vman (manifeste de la version),True,2
vman__nodeSupported_bool,vman (manifeste de la version),True,2
vman_importSort_dict_size,vman (manifeste de la version),True,2
vman_importSort_nested,vman (manifeste de la version),True,2
vman_docs_url_len,vman (manifeste de la version),True,7
vman_docs_url_ent,vman (manifeste de la version),True,10
