n_source_fields_manipulated,fields,auc_roc,au_pr,recall_at_operational_threshold
0,,0.9761659709415016,0.9917873421517993,0.5369030390738061
1,description,0.9485859973773164,0.9811026404014179,0.34876989869753977
2,"description, keywords",0.9206350864910897,0.9715523378726154,0.33285094066570187
3,"description, keywords, repository",0.9190416233471085,0.9704520625062538,0.2575976845151954
4,"description, keywords, repository, license",0.9278709765055615,0.9727450758645074,0.2460202604920405
5,"description, keywords, repository, license, version",0.9194073361998254,0.9702011670703812,0.2952243125904486
6,"description, keywords, repository, license, version, name",0.9206350864910897,0.970274840256895,0.22865412445730826
7,"description, keywords, repository, license, version, name, dependencies",0.9160741247707764,0.9687631649934993,0.2098408104196816
8,"description, keywords, repository, license, version, name, dependencies, author",0.7548104301305595,0.8831658862792593,0.02170767004341534
